Workbook

Sheet Test Report
A1: TEST REPORT
A3: Project name | B3: AirBnB
A4: Start date | B4: 46269
A5: End date | B5: 46313
A7: Test Objective | B7: The system should ensure that users can register, log in, search for rooms, view room details, book a room and manage their profile without errors.
A9: Function | B9: Description | C9: Testcase | D9: Passed | E9: Failed | F9: Pending | G9: Not executed
A10: Auth - Register, Sign in & Sign out | B10: Check customer can register, login and logout | C10: =COUNTA('Module 1'!$A$11:$A$50) | D10: =COUNTIF('Module 1'!$G$11:$G$50,"Pass") | E10: =COUNTIF('Module 1'!$G$11:$G$50,"Fail") | F10: =COUNTIF('Module 1'!$G$11:$G$50,"Pending")+COUNTIF('Module 1'!$G$11:$G$50,"Blocked") | G10: =C10-D10-E10-F10
A11: Home & Search | B11: Check customer can search rooms by location, date and number of guests | C11: =COUNTA('Module 2'!$A$11:$A$50) | D11: =COUNTIF('Module 2'!$G$11:$G$50,"Pass") | E11: =COUNTIF('Module 2'!$G$11:$G$50,"Fail") | F11: =COUNTIF('Module 2'!$G$11:$G$50,"Pending")+COUNTIF('Module 2'!$G$11:$G$50,"Blocked") | G11: =C11-D11-E11-F11
A12: Room List & Room Detail | B12: Check customer can view room list and room detail information | C12: =COUNTA('Module 3'!$A$11:$A$50) | D12: =COUNTIF('Module 3'!$G$11:$G$50,"Pass") | E12: =COUNTIF('Module 3'!$G$11:$G$50,"Fail") | F12: =COUNTIF('Module 3'!$G$11:$G$50,"Pending")+COUNTIF('Module 3'!$G$11:$G$50,"Blocked") | G12: =C12-D12-E12-F12
A13: Booking | B13: Check user can pick dates, guests and book a room | C13: =COUNTA('Module 4'!$A$11:$A$50) | D13: =COUNTIF('Module 4'!$G$11:$G$50,"Pass") | E13: =COUNTIF('Module 4'!$G$11:$G$50,"Fail") | F13: =COUNTIF('Module 4'!$G$11:$G$50,"Pending")+COUNTIF('Module 4'!$G$11:$G$50,"Blocked") | G13: =C13-D13-E13-F13
A14: User Profile | B14: Check user can view/update profile, upload avatar and view booking history | C14: =COUNTA('Module 5'!$A$11:$A$50) | D14: =COUNTIF('Module 5'!$G$11:$G$50,"Pass") | E14: =COUNTIF('Module 5'!$G$11:$G$50,"Fail") | F14: =COUNTIF('Module 5'!$G$11:$G$50,"Pending")+COUNTIF('Module 5'!$G$11:$G$50,"Blocked") | G14: =C14-D14-E14-F14
A15: API | B15: Check API test | C15: =COUNTA('API Test'!$A$11:$A$50) | D15: =COUNTIF('API Test'!$G$11:$G$50,"Pass") | E15: =COUNTIF('API Test'!$G$11:$G$50,"Fail") | F15: =COUNTIF('API Test'!$G$11:$G$50,"Pending")+COUNTIF('API Test'!$G$11:$G$50,"Blocked") | G15: =C15-D15-E15-F15
A16: Summary | C16: =SUM(C10:C15) | D16: =SUM(D10:D15) | E16: =SUM(E10:E15) | F16: =SUM(F10:F15) | G16: =SUM(G10:G15)
A18: Defect | B18: =COUNTA('Bug Report'!$A$11:$A$50)&" defect(s) logged in the Bug Report sheet"
A37: Kết luận: | B37: =IFERROR("Passed: "&ROUND(D16/C16*100,1)&"% | Failed: "&ROUND(E16/C16*100,1)&"% | Pending/Blocked: "&ROUND(F16/C16*100,1)&"% | Not executed: "&ROUND(G16/C16*100,1)&"%","")

Sheet Module 1
A1: TEST CASE
B3: Screen's name / Function's name | C3: Auth - Register, Sign in & Sign out
B4: Testcase Author | C4: Hứa Vinh Thắng
A10: Test Case ID | B10: Title | C10: Pre-Conditions | D10: Test Steps | E10: Test Data | F10: Expected Results | G10: Execution Status | H10: Actual Results | I10: Test Environment | J10: Bug Priority | K10: Attachments | L10: Notes
A11: TC_01 | B11: Xác thực đăng ký thành công khi nhập thông tin hợp lệ ở form Đăng ký. | C11: Email dùng để đăng ký chưa tồn tại trên hệ thống. | D11: 1. Truy cập https://demo5.cybersoft.edu.vn/ 2. Click icon user ở góc phải header 3. Click [Đăng ký] 4. Nhập thông tin vào ô [Name] 5. Nhập thông tin vào ô [Email] 6. Nhập thông tin vào ô [Password] 7. Nhập thông tin vào ô [Phone] 8. Chọn ngày tại ô [Birthday] 9. Chọn option tại ô [Gender] 10. Click button [Đăng ký] | E11: - Name: test16-nhom6-new - Email: (email mới chưa từng đăng ký) - Password: test16-nhom6-new - Phone: 0123456789 - Birthday: January 01, 2000 - Gender: Nam | F11: 10. User được tạo thành công. Hệ thống hiển thị thông báo đăng ký thành công. | G11: Pass | H11: 10. Đăng ký thành công, không gặp lỗi (tester thực hiện thủ công). | I11: Chrome (thủ công) | L11: Manual (không tự động hóa để tránh tạo user rác trên site demo).
A12: TC_02 | B12: Xác thực đăng ký thất bại khi nhập email đã tồn tại. | C12: Email test16-nhom6-register@gmail.com đã được đăng ký. | D12: 1. Truy cập https://demo5.cybersoft.edu.vn/ 2. Click icon user ở góc phải header 3. Click [Đăng ký] 4. Nhập thông tin vào ô [Name] 5. Nhập thông tin vào ô [Email] 6. Nhập thông tin vào ô [Password] 7. Nhập thông tin vào ô [Phone] 8. Chọn ngày tại ô [Birthday] 9. Chọn option tại ô [Gender] 10. Click button [Đăng ký] | E12: - Name: test16-nhom6-register - Email: test16-nhom6-register@gmail.com - Password: test16-nhom6-register - Phone: 0123456789 - Birthday: January 01, 2000 - Gender: Nam | F12: 10. Đăng ký thất bại. Xuất hiện thông báo "Email đã tồn tại !" | G12: Pass | I12: Chromium (Playwright) | L12: Automated: tests/ui/register.spec.ts › TC_01: register fails when the email already exists
A13: TC_03 | B13: Kiểm tra message lỗi khi để trống các trường bắt buộc. | D13: 1. Truy cập https://demo5.cybersoft.edu.vn/ 2. Click icon user ở góc phải header 3. Click [Đăng ký] 4. Nhập thông tin vào ô [Name] 5. Nhập [Email], [Birthday], [Gender] hợp lệ 6. Để trống ô [Password] và [Phone] 7. Click button [Đăng ký] | E13: - Name: test16-nhom6-register - Email: test16-nhom6-register@gmail.com - Password: (để trống) - Phone: (để trống) | F13: 7. Hiển thị message "Vui lòng không bỏ trống" dưới ô [Password] và ô [Phone]. | G13: Pass | I13: Chromium (Playwright) | L13: Automated: tests/ui/register.spec.ts › required field messages are shown
A14: TC_04 | B14: Kiểm tra message lỗi khi nhập email sai định dạng. | D14: 1. Truy cập https://demo5.cybersoft.edu.vn/ 2. Click icon user ở góc phải header 3. Click [Đăng ký] 4. Nhập email sai định dạng vào ô [Email] 5. Click sang ô khác (nhấn Tab) | E14: - Email: testing06gmail - Email: abc@ - Email: @gmail.com - Email: abc@gmail - Email: abc@gmail..com | F14: 5. Hiển thị message "Vui lòng nhập đúng định dạng email" dưới ô [Email]. | G14: Fail | H14: 5. 4/5 email sai định dạng hiển thị đúng message (testing06gmail, abc@, @gmail.com, abc@gmail..com). Email "abc@gmail" KHÔNG hiển thị message lỗi: hệ thống chấp nhận email thiếu phần tên miền đầy đủ. | I14: Chromium (Playwright) | J14: Medium | L14: Automated: tests/ui/register.spec.ts › email format message is shown for <email> (5 test, mỗi email 1 test)
A15: TC_05 | B15: Xác thực đăng nhập thành công khi nhập đúng Email và Password đã đăng ký. | C15: Tài khoản đã được đăng ký. | D15: 1. Truy cập https://demo5.cybersoft.edu.vn/ 2. Click icon user ở góc phải header 3. Click [Đăng nhập] 4. Nhập thông tin vào ô [Email] 5. Nhập thông tin vào ô [Password] 6. Click button [Đăng nhập] | E15: - Email: test16-nhom6@gmail.com - Password: test16-nhom6 | F15: 6. Đăng nhập thành công. Icon user ở header chuyển sang trạng thái đã đăng nhập (hiển thị menu tài khoản). | G15: Pass | I15: Chromium (Playwright) | L15: Automated: tests/ui/login.spec.ts › TC_03: login with a valid account
A16: TC_06 | B16: Xác thực đăng nhập thất bại khi nhập sai Email/Password. | D16: 1. Truy cập https://demo5.cybersoft.edu.vn/ 2. Click icon user ở góc phải header 3. Click [Đăng nhập] 4. Nhập thông tin vào ô [Email] 5. Nhập thông tin vào ô [Password] 6. Click button [Đăng nhập] | E16: - Email: test16-nhom6@gmail.com2 - Password: test16-nhom62 | F16: 6. Đăng nhập thất bại. Xuất hiện thông báo "Email hoặc mật khẩu không đúng !" | G16: Pass | I16: Chromium (Playwright) | L16: Automated: tests/ui/login.spec.ts › TC_04: login fails with a wrong email/password
A17: TC_07 | B17: Kiểm tra đăng xuất thành công từ trang chủ. | C17: Người dùng đã đăng nhập thành công bằng tài khoản hợp lệ. | D17: 1. Truy cập https://demo5.cybersoft.edu.vn/ 2. Đăng nhập bằng tài khoản hợp lệ 3. Click icon user ở header 4. Click [Sign out] | E17: - Email: test16-nhom6@gmail.com - Password: test16-nhom6 | F17: 4. Đăng xuất thành công. Xuất hiện thông báo "Đăng xuất thành công" và header trở về trạng thái khách. | G17: Pass | I17: Chromium (Playwright) | L17: Automated: tests/ui/logout.spec.ts › logout from the home page
A18: TC_08 | B18: Kiểm tra đăng xuất thành công từ trang danh sách phòng. | C18: Người dùng đã đăng nhập thành công bằng tài khoản hợp lệ. | D18: 1. Truy cập https://demo5.cybersoft.edu.vn/ 2. Đăng nhập bằng tài khoản hợp lệ 3. Click thẻ địa điểm [Hồ Chí Minh] trên trang chủ 4. Click icon user ở header 5. Click [Sign out] | E18: - Email: test16-nhom6@gmail.com - Password: test16-nhom6 | F18: 5. Đăng xuất thành công. Xuất hiện thông báo "Đăng xuất thành công" và header trở về trạng thái khách. | G18: Pass | I18: Chromium (Playwright) | L18: Automated: tests/ui/logout.spec.ts › logout from the room list page
A19: TC_09 | B19: Kiểm tra đăng xuất thành công từ trang chi tiết phòng. | C19: Người dùng đã đăng nhập thành công bằng tài khoản hợp lệ. | D19: 1. Truy cập https://demo5.cybersoft.edu.vn/ 2. Đăng nhập bằng tài khoản hợp lệ 3. Click thẻ địa điểm [Hồ Chí Minh] trên trang chủ 4. Click thẻ phòng đầu tiên trong danh sách 5. Click icon user ở header 6. Click [Sign out] | E19: - Email: test16-nhom6@gmail.com - Password: test16-nhom6 | F19: 6. Đăng xuất thành công. Xuất hiện thông báo "Đăng xuất thành công" và header trở về trạng thái khách. | G19: Pass | I19: Chromium (Playwright) | L19: Automated: tests/ui/logout.spec.ts › logout from the room detail page
A20: TC_10 | B20: Kiểm tra đăng xuất thành công từ trang Profile. | C20: Người dùng đã đăng nhập thành công bằng tài khoản hợp lệ. | D20: 1. Truy cập https://demo5.cybersoft.edu.vn/ 2. Đăng nhập bằng tài khoản hợp lệ 3. Click icon user ở header 4. Click [Dashboard] để vào trang Profile 5. Click icon user ở header 6. Click [Sign out] | E20: - Email: test16-nhom6@gmail.com - Password: test16-nhom6 | F20: 6. Đăng xuất thành công. Xuất hiện thông báo "Đăng xuất thành công", header trở về trạng thái khách và hệ thống chuyển về trang chủ (hiển thị banner). | G20: Pass | I20: Chromium (Playwright) | L20: Automated: tests/ui/logout.spec.ts › logout from the profile page

Sheet Module 2
A1: TEST CASE
B3: Screen's name / Function's name | C3: Home & Search
B4: Testcase Author | C4: Mohamed Hary
A10: Test Case ID | B10: Title | C10: Pre-Conditions | D10: Test Steps | E10: Test Data | F10: Expected Results | G10: Execution Status | H10: Actual Results | I10: Test Environment | J10: Bug Priority | K10: Attachments | L10: Notes
A11: TC_11 | B11: Kiểm tra tìm kiếm phòng theo địa điểm. | D11: 1. Truy cập https://demo5.cybersoft.edu.vn/ 2. Click ô [Địa điểm] 3. Chọn địa điểm [Hồ Chí Minh] 4. Click button Tìm kiếm | E11: - Địa điểm: Hồ Chí Minh | F11: 4. Hệ thống chuyển sang trang danh sách phòng, URL chứa "ho-chi-minh". | G11: Pass | I11: Chromium (Playwright) | L11: Automated: tests/ui/home.spec.ts › TC_07: search rooms by location
A12: TC_12 | B12: Kiểm tra chọn địa điểm từ danh sách vị trí trên trang chủ. | D12: 1. Truy cập https://demo5.cybersoft.edu.vn/ 2. Click thẻ địa điểm [Hồ Chí Minh] | E12: - Địa điểm: Hồ Chí Minh | F12: 2. Hệ thống chuyển sang trang danh sách phòng /rooms/ho-chi-minh. Hiển thị tiêu đề "Chỗ ở tại khu vực ..." và danh sách phòng. | G12: Pass | I12: Chromium (Playwright) | L12: Automated (gián tiếp): bước mở danh sách phòng trong rooms, roomDetail, booking, logout specs.
A13: TC_13 | B13: Kiểm tra tìm kiếm phòng theo khoảng ngày nhận phòng - trả phòng hợp lệ. | D13: 1. Truy cập https://demo5.cybersoft.edu.vn/ 2. Click ô chọn ngày 3. Chọn ngày nhận phòng 4. Chọn ngày trả phòng 5. Click button Tìm kiếm | E13: - Ngày nhận phòng: (hôm nay + 30 ngày) - Ngày trả phòng: (hôm nay + 37 ngày) | F13: 5. Hệ thống chuyển sang trang danh sách phòng (URL chứa "rooms"). | G13: Pass | H13: 5. Chuyển sang /rooms, ô ngày hiển thị 28/10/2026 - 30/10/2026, danh sách hiển thị 147 chỗ ở. | I13: Chromium (chạy thủ công bằng script) | L13: Manual.
A14: TC_14 | B14: Kiểm tra tìm kiếm phòng theo số lượng khách. | D14: 1. Truy cập https://demo5.cybersoft.edu.vn/ 2. Click ô [Thêm khách] 3. Tăng số khách bằng nút [+] đến 5 khách 4. Click button Tìm kiếm | E14: - Số khách: 5 | F14: 4. Hệ thống chuyển sang trang danh sách phòng (URL chứa "rooms"). | G14: Pass | H14: 4. Chuyển sang /rooms, danh sách lọc theo 5 khách hiển thị 5 chỗ ở. | I14: Chromium (chạy thủ công bằng script) | L14: Manual.

Sheet Module 3
A1: TEST CASE
B3: Screen's name / Function's name | C3: Room List & Room Detail
B4: Testcase Author | C4: Hứa Vinh Thắng
A10: Test Case ID | B10: Title | C10: Pre-Conditions | D10: Test Steps | E10: Test Data | F10: Expected Results | G10: Execution Status | H10: Actual Results | I10: Test Environment | J10: Bug Priority | K10: Attachments | L10: Notes
A11: TC_15 | B11: Kiểm tra thẻ phòng hiển thị đầy đủ thông tin ở trang danh sách phòng. | D11: 1. Truy cập https://demo5.cybersoft.edu.vn/ 2. Click thẻ địa điểm [Hồ Chí Minh] 3. Quan sát các thẻ phòng | F11: 3. Mỗi thẻ phòng hiển thị đầy đủ: hình ảnh, tên phòng, số khách tối đa, giá mỗi đêm. | G11: Pass | I11: Chromium (Playwright) | L11: Automated: tests/ui/rooms.spec.ts › room cards show image, name, capacity and price
A12: TC_16 | B12: Kiểm tra mở trang chi tiết phòng khi click vào thẻ phòng. | D12: 1. Truy cập https://demo5.cybersoft.edu.vn/ 2. Click thẻ địa điểm [Hồ Chí Minh] 3. Click thẻ phòng đầu tiên | F12: 3. Hệ thống chuyển sang trang chi tiết phòng, đường dẫn khớp với liên kết của thẻ phòng đã chọn. | G12: Pass | I12: Chromium (Playwright) | L12: Automated: tests/ui/roomDetail.spec.ts › TC_11: open the room detail from a room card
A13: TC_17 | B13: Kiểm tra trang chi tiết phòng hiển thị đầy đủ thông tin khi chưa đăng nhập. | C13: Người dùng chưa đăng nhập. | D13: 1. Truy cập https://demo5.cybersoft.edu.vn/ 2. Click thẻ địa điểm [Hồ Chí Minh] 3. Click thẻ phòng đầu tiên 4. Quan sát trang chi tiết phòng | F13: 4. Hiển thị đầy đủ: tên phòng, vị trí, hình ảnh, số khách tối đa, form đặt phòng, danh sách bình luận. Hiển thị thông báo "Cần đăng nhập để bình luận" thay cho form bình luận. | G13: Pass | I13: Chromium (Playwright) | L13: Automated: tests/ui/roomDetail.spec.ts › room detail shows all information for a guest
A14: TC_18 | B14: Kiểm tra gửi bình luận và đánh giá khi đã đăng nhập. | C14: Người dùng đã đăng nhập thành công bằng tài khoản hợp lệ. | D14: 1. Truy cập https://demo5.cybersoft.edu.vn/ 2. Đăng nhập bằng tài khoản hợp lệ 3. Click thẻ địa điểm [Hồ Chí Minh] trên trang chủ 4. Click thẻ phòng đầu tiên trong danh sách 5. Cuộn đến mục Bình luận 6. Chọn số sao đánh giá 7. Nhập nội dung vào ô bình luận 8. Click button gửi bình luận | E14: - Email: test16-nhom6@gmail.com - Password: test16-nhom6 - Số sao: 5 - Nội dung: Good service | F14: 8. Bình luận được lưu và hiển thị trong danh sách bình luận của phòng. | G14: Pass | H14: 8. Bình luận và số sao được lưu, không gặp lỗi (tester thực hiện thủ công). | I14: Chrome (thủ công) | L14: Manual.

Sheet Module 4
A1: TEST CASE
B3: Screen's name / Function's name | C3: Booking
B4: Testcase Author | C4: Mohamed Hary
A10: Test Case ID | B10: Title | C10: Pre-Conditions | D10: Test Steps | E10: Test Data | F10: Expected Results | G10: Execution Status | H10: Actual Results | I10: Test Environment | J10: Bug Priority | K10: Attachments | L10: Notes
A11: TC_19 | B11: Kiểm tra đặt phòng thành công khi đã đăng nhập. | C11: Người dùng đã đăng nhập thành công bằng tài khoản hợp lệ. | D11: 1. Truy cập https://demo5.cybersoft.edu.vn/ 2. Đăng nhập bằng tài khoản hợp lệ 3. Click thẻ địa điểm [Hồ Chí Minh] trên trang chủ 4. Click thẻ phòng đầu tiên trong danh sách 5. Click ô [Nhận phòng] để mở lịch 6. Chọn ngày nhận phòng 7. Chọn ngày trả phòng 8. Click [Close] để đóng lịch 9. Tăng số khách lên 2 10. Click button [Đặt phòng] 11. Click button [Xác nhận] | E11: - Email: test16-nhom6@gmail.com - Password: test16-nhom6 - Ngày nhận phòng: hôm nay + 30 ngày - Ngày trả phòng: hôm nay + 37 ngày - Số khách: 2 | F11: 9. Đặt phòng thành công. Xuất hiện thông báo "Thêm mới thành công!" | G11: Pass | I11: Chromium (Playwright) | L11: Automated: tests/ui/booking.spec.ts › booking succeeds for a logged in user
A12: TC_20 | B12: Kiểm tra đặt phòng thất bại khi chưa đăng nhập. | C12: Người dùng chưa đăng nhập. | D12: 1. Truy cập https://demo5.cybersoft.edu.vn/ 2. Click thẻ địa điểm [Hồ Chí Minh] trên trang chủ 3. Click thẻ phòng đầu tiên trong danh sách 4. Chọn ngày nhận phòng và trả phòng 5. Tăng số khách lên 2 6. Click button [Đặt phòng] | E12: - Ngày nhận phòng: hôm nay + 30 ngày - Ngày trả phòng: hôm nay + 37 ngày - Số khách: 2 | F12: 6. Không đặt được phòng. Xuất hiện cảnh báo "Vui lòng đăng nhập để tiếp tục đặt phòng." | G12: Pass | I12: Chromium (Playwright) | L12: Automated: tests/ui/booking.spec.ts › booking is rejected for a guest who is not logged in
A13: TC_21 | B13: Kiểm tra đặt phòng thất bại khi ngày nhận phòng trùng ngày trả phòng. | C13: Người dùng đã đăng nhập thành công bằng tài khoản hợp lệ. | D13: 1. Truy cập https://demo5.cybersoft.edu.vn/ 2. Đăng nhập bằng tài khoản hợp lệ 3. Click thẻ địa điểm [Hồ Chí Minh] trên trang chủ 4. Click thẻ phòng đầu tiên trong danh sách 5. Click ô [Nhận phòng] để mở lịch 6. Chọn cùng một ngày cho nhận phòng và trả phòng 7. Click [Close] để đóng lịch 8. Click button [Đặt phòng] 9. Click button [Xác nhận] | E13: - Email: test16-nhom6@gmail.com - Password: test16-nhom6 - Ngày nhận phòng: hôm nay + 30 ngày - Ngày trả phòng: hôm nay + 30 ngày | F13: 8. Hệ thống không cho đặt phòng với ngày không hợp lệ. Không xuất hiện thông báo "Thêm mới thành công!" | G13: Pass | I13: Chromium (Playwright) | L13: Automated: tests/ui/booking.spec.ts › booking is rejected when check-in and check-out are the same day
A14: TC_22 | B14: Kiểm tra giá mỗi đêm ở thẻ phòng và trang chi tiết phòng giống nhau. | D14: 1. Truy cập https://demo5.cybersoft.edu.vn/ 2. Click thẻ địa điểm [Hồ Chí Minh] 3. Ghi nhận giá mỗi đêm của thẻ phòng đầu tiên 4. Click thẻ phòng đầu tiên 5. Ghi nhận giá mỗi đêm trên trang chi tiết | F14: 5. Giá mỗi đêm trên trang chi tiết bằng giá trên thẻ phòng. | G14: Pass | I14: Chromium (Playwright) | L14: Automated: tests/ui/booking.spec.ts › price per night is the same on the room card and the detail page
A15: TC_23 | B15: Kiểm tra tổng tiền được tính đúng theo số đêm và phí dọn dẹp. | D15: 1. Truy cập https://demo5.cybersoft.edu.vn/ 2. Click thẻ địa điểm [Hồ Chí Minh] 3. Click thẻ phòng đầu tiên 4. Click ô [Nhận phòng] để mở lịch 5. Chọn ngày nhận phòng và trả phòng 6. Click [Close] để đóng lịch 7. Quan sát mục [Total before taxes] | E15: - Ngày nhận phòng: hôm nay + 30 ngày - Ngày trả phòng: hôm nay + 37 ngày | F15: 7. Tổng tiền = giá mỗi đêm x số đêm + phí dọn dẹp (Cleaning fee). | G15: Pass | I15: Chromium (Playwright) | L15: Automated: tests/ui/booking.spec.ts › total price is calculated correctly
A16: TC_24 | B16: Kiểm tra số khách tối thiểu khi giảm số khách. | D16: 1. Truy cập https://demo5.cybersoft.edu.vn/ 2. Click thẻ địa điểm [Hồ Chí Minh] 3. Click thẻ phòng đầu tiên 4. Click nút [-] khi số khách đang là 1 | E16: - Số khách: 1 | F16: 4. Số khách không giảm dưới 1. Xuất hiện thông báo "Phải có tối thiểu 1 khách!" | G16: Pass | H16: 4. Số khách giữ ở 1, xuất hiện thông báo "Phải có tối thiểu 1 khách!" | I16: Chromium (chạy thủ công bằng script) | L16: Manual.
A17: TC_25 | B17: Kiểm tra số khách không vượt quá số khách tối đa của phòng. | D17: 1. Truy cập https://demo5.cybersoft.edu.vn/ 2. Click thẻ địa điểm [Hồ Chí Minh] 3. Click thẻ phòng đầu tiên 4. Click nút [+] liên tục đến khi số khách không tăng nữa | F17: 4. Số khách dừng ở số khách tối đa của phòng, không tăng quá giá trị này. | G17: Pass | H17: 4. Số khách tăng đến 3 (tối đa của phòng id 1) rồi dừng, xuất hiện thông báo "Đã đạt tới số khách tối đa!" | I17: Chromium (chạy thủ công bằng script) | L17: Manual.

Sheet Module 5
A1: TEST CASE
B3: Screen's name / Function's name | C3: User Profile
B4: Testcase Author | C4: Hứa Vinh Thắng
A10: Test Case ID | B10: Title | C10: Pre-Conditions | D10: Test Steps | E10: Test Data | F10: Expected Results | G10: Execution Status | H10: Actual Results | I10: Test Environment | J10: Bug Priority | K10: Attachments | L10: Notes
A11: TC_26 | B11: Kiểm tra điều hướng đến trang thông tin cá nhân. | C11: Người dùng đã đăng nhập thành công bằng tài khoản hợp lệ. | D11: 1. Truy cập https://demo5.cybersoft.edu.vn/ 2. Đăng nhập bằng tài khoản hợp lệ 3. Click icon user ở header 4. Click [Dashboard] | E11: - Email: test16-nhom6@gmail.com - Password: test16-nhom6 | F11: 4. Hệ thống chuyển sang trang Profile (URL chứa /info-user), hiển thị tiêu đề lịch sử "Phòng đã thuê". | G11: Pass | I11: Chromium (Playwright) | L11: Automated: tests/ui/profile.spec.ts › view profile page
A12: TC_27 | B12: Kiểm tra cập nhật số điện thoại ở trang thông tin cá nhân. | C12: Người dùng đã đăng nhập thành công bằng tài khoản hợp lệ. Đang ở trang Profile. | D12: 1. Truy cập https://demo5.cybersoft.edu.vn/ 2. Đăng nhập bằng tài khoản hợp lệ 3. Vào trang Profile (Dashboard) 4. Click icon chỉnh sửa để mở popup cập nhật 5. Xóa và nhập số điện thoại mới vào ô [Phone] 6. Click button [Cập nhật] | E12: - Email: test16-nhom6@gmail.com - Password: test16-nhom6 - Phone: 0123456789 | F12: 5. Cập nhật thành công. Xuất hiện thông báo "Cập nhật thông tin thành công" | G12: Pass | I12: Chromium (Playwright) | L12: Automated: tests/ui/profile.spec.ts › update phone number Lưu ý: form chỉnh sửa hồ sơ báo "Họ tên không hợp lệ!" với tên có số và dấu "-" (ví dụ test16-nhom6) dù form đăng ký chấp nhận tên này. Test điền họ tên hợp lệ trước khi lưu.
A13: TC_28 | B13: Kiểm tra cập nhật email thất bại khi email đã tồn tại. | C13: Người dùng đã đăng nhập thành công bằng tài khoản hợp lệ. | D13: 1. Truy cập https://demo5.cybersoft.edu.vn/ 2. Đăng nhập bằng tài khoản hợp lệ 3. Vào trang Profile (Dashboard) 4. Click icon chỉnh sửa để mở popup cập nhật 5. Nhập email của user khác vào ô [Email] 6. Click button [Cập nhật] | E13: - Email: test16-nhom6@gmail.com - Password: test16-nhom6 - Email mới: test16-nhom6-register@gmail.com | F13: 5. Cập nhật thất bại. Xuất hiện thông báo "Email đã tồn tại !" | G13: Pass | I13: Chromium (Playwright) | L13: Automated: tests/ui/profile.spec.ts › update email fails when the email already exists
A14: TC_29 | B14: Kiểm tra upload ảnh đại diện hợp lệ. | C14: Người dùng đã đăng nhập thành công bằng tài khoản hợp lệ. | D14: 1. Truy cập https://demo5.cybersoft.edu.vn/ 2. Đăng nhập bằng tài khoản hợp lệ 3. Vào trang Profile (Dashboard) 4. Click button [Cập nhật ảnh] 5. Chọn file ảnh hợp lệ 6. Click button [Upload Avatar] | E14: - Email: test16-nhom6@gmail.com - Password: test16-nhom6 - File: avatar.jpg (jpg/png/gif) | F14: 5. Upload thành công. Xuất hiện thông báo "Cập nhật avatar thành công!" và ảnh đại diện được thay đổi. | G14: Pass | I14: Chromium (Playwright) | L14: Automated: tests/ui/profile.spec.ts › upload a valid avatar
A15: TC_30 | B15: Kiểm tra upload thất bại khi chọn file sai định dạng. | C15: Người dùng đã đăng nhập thành công bằng tài khoản hợp lệ. | D15: 1. Truy cập https://demo5.cybersoft.edu.vn/ 2. Đăng nhập bằng tài khoản hợp lệ 3. Vào trang Profile (Dashboard) 4. Click button [Cập nhật ảnh] 5. Chọn file có định dạng không hỗ trợ 6. Click button [Upload Avatar] | E15: - Email: test16-nhom6@gmail.com - Password: test16-nhom6 - File: avatar-wrong-format.txt | F15: 5. Upload thất bại. Xuất hiện thông báo "Chỉ cho phép dịnh dạng (jpg, jpeg, png, gif)" | G15: Pass | I15: Chromium (Playwright) | L15: Automated: tests/ui/profile.spec.ts › upload fails for an invalid file format
A16: TC_31 | B16: Kiểm tra hiển thị lịch sử đặt phòng ở trang thông tin cá nhân. | C16: Người dùng đã đăng nhập thành công bằng tài khoản hợp lệ. Tài khoản đã có ít nhất 1 booking. | D16: 1. Truy cập https://demo5.cybersoft.edu.vn/ 2. Đăng nhập bằng tài khoản hợp lệ 3. Vào trang Profile (Dashboard) 4. Quan sát mục [Phòng đã thuê] | E16: - Email: test16-nhom6@gmail.com - Password: test16-nhom6 | F16: 3. Hiển thị tiêu đề "Phòng đã thuê" và danh sách các phòng đã đặt (ít nhất 1 phòng). | G16: Pass | I16: Chromium (Playwright) | L16: Automated: tests/ui/profile.spec.ts › booking history is displayed

Sheet API Test
A1: TEST CASE
B3: Screen's name / Function's name | C3: API
B4: Testcase Author | C4: Mohamed Hary
A10: Test Case ID | B10: Title | C10: Pre-Conditions | D10: Test Steps | E10: Test Data | F10: Expected Results | G10: Execution Status | H10: Actual Results | I10: Test Environment | J10: Bug Priority | K10: Attachments | L10: Notes
A11: API_01 | B11: Signin thành công (Happy Case) | C11: 1. Server hoạt động. 2. Tài khoản đã tồn tại trong DB. | D11: 1. Mở Postman. 2. Chọn method POST. 3. Nhập URL: https://airbnbnew.cybersoft.edu.vn/api/auth/signin 4. Nhập Header tokenCybersoft. 5. Nhập JSON Body. 6. Send Request. | E11: URL: https://airbnbnew.cybersoft.edu.vn/api/auth/signin Headers: - tokenCybersoft: {{tokenCybersoft}} Body: { "email": "test16-nhom6@gmail.com", "password": "test16-nhom6" } | F11: 1. Status Code là 200 OK. 2. Response JSON chứa field content.token. 3. Thời gian phản hồi < 2s. | G11: Pass | H11: 1. Status 200 và có content.token. (176ms) Lần chạy đầu tiên mất 3.65s (vượt ngưỡng 2s, do lần gọi đầu bị chậm); lần chạy lại đạt 176ms. | I11: Newman (Postman collection) | L11: Postman: AirBnB_API_Collection › 01_Auth
A12: API_02 | B12: Signin thất bại - Sai Password | C12: 1. Server hoạt động. 2. Email đúng, Password sai. | D12: 1. Mở Postman. 2. Chọn method POST. 3. Nhập URL: https://airbnbnew.cybersoft.edu.vn/api/auth/signin 4. Nhập Header tokenCybersoft. 5. Nhập JSON Body. 6. Send Request. | E12: URL: https://airbnbnew.cybersoft.edu.vn/api/auth/signin Headers: - tokenCybersoft: {{tokenCybersoft}} Body: { "email": "test16-nhom6@gmail.com", "password": "test16-nhom6-wrong" } | F12: 1. Status Code là 400 Bad Request. 2. Response content báo lỗi đăng nhập. 3. Thời gian phản hồi < 2s. | G12: Pass | H12: 1. Status 400. content có thông báo lỗi đăng nhập. (198ms) | I12: Newman (Postman collection) | L12: Postman: AirBnB_API_Collection › 01_Auth
A13: API_03 | B13: Signin thất bại - Thiếu Email | C13: Server hoạt động. | D13: 1. Mở Postman. 2. Chọn method POST. 3. Nhập URL: https://airbnbnew.cybersoft.edu.vn/api/auth/signin 4. Nhập Header tokenCybersoft. 5. Nhập JSON Body. 6. Send Request. | E13: URL: https://airbnbnew.cybersoft.edu.vn/api/auth/signin Headers: - tokenCybersoft: {{tokenCybersoft}} Body: { "email": "", "password": "test16-nhom6" } | F13: 1. Status Code là 400 Bad Request. 2. Thời gian phản hồi < 2s. | G13: Pass | H13: 1. Status 400. (109ms) | I13: Newman (Postman collection) | L13: Postman: AirBnB_API_Collection › 01_Auth
A14: API_04 | B14: Signup thất bại - Email đã tồn tại | C14: 1. Server hoạt động. 2. Email đã tồn tại trong DB. | D14: 1. Mở Postman. 2. Chọn method POST. 3. Nhập URL: https://airbnbnew.cybersoft.edu.vn/api/auth/signup 4. Nhập Header tokenCybersoft. 5. Nhập JSON Body. 6. Send Request. | E14: URL: https://airbnbnew.cybersoft.edu.vn/api/auth/signup Headers: - tokenCybersoft: {{tokenCybersoft}} Body: { "id": 0, "name": "API Test User", "email": "test16-nhom6@gmail.com", "password": "test16-nhom6", "phone": "0123456789", "birthday": "01/01/2000", "gender": true, "role": "USER" } | F14: 1. Status Code là 400 Bad Request. 2. Response content báo email đã tồn tại. 3. Thời gian phản hồi < 2s. | G14: Pass | H14: 1. Status 400. content có thông báo lỗi. (31ms) | I14: Newman (Postman collection) | L14: Postman: AirBnB_API_Collection › 01_Auth
A15: API_05 | B15: Lấy thông tin User theo id (kiểm tra Token) | C15: 1. Server hoạt động. 2. Đã chạy API_01 thành công (có token_airbnb và user_id). | D15: 1. Mở Postman. 2. Chọn method GET. 3. Nhập URL: https://airbnbnew.cybersoft.edu.vn/api/users/{{user_id}} 4. Nhập Header tokenCybersoft và token. 5. Send Request. | E15: URL: https://airbnbnew.cybersoft.edu.vn/api/users/{{user_id}} Headers: - tokenCybersoft: {{tokenCybersoft}} - token: {{token_airbnb}} | F15: 1. Status Code là 200 OK. 2. Trả về đúng email của người vừa đăng nhập. 3. Thời gian phản hồi < 2s. | G15: Pass | H15: 1. Status 200. email trả về trùng với email đăng nhập. (101ms) | I15: Newman (Postman collection) | L15: Postman: AirBnB_API_Collection › 02_Flow_After_Login
A16: API_06 | B16: Kiểm tra người dùng upload ảnh đại diện thành công | C16: 1. Người dùng đã đăng nhập và có token hợp lệ. 2. Có sẵn file ảnh (.jpg, .png) dưới 2MB. | D16: 1. Mở Postman. 2. Chọn method POST. 3. Nhập URL: https://airbnbnew.cybersoft.edu.vn/api/users/upload-avatar 4. Thêm Header tokenCybersoft và token lấy từ API_01. 5. Trong Body chọn loại form-data. 6. Nhập Key là formFile (chọn type File) và chọn file ảnh. 7. Send Request. | E16: URL: https://airbnbnew.cybersoft.edu.vn/api/users/upload-avatar Headers: - tokenCybersoft: {{tokenCybersoft}} - token: {{token_airbnb}} - File: avatar.jpg (dưới 2MB) | F16: 1. Status Code là 200 OK. 2. Response content chứa thông tin user với đường dẫn avatar mới. 3. Thời gian phản hồi < 2s. | G16: Pass | H16: Xác nhận gián tiếp qua giao diện: test "upload a valid avatar" Pass, xuất hiện thông báo "Cập nhật avatar thành công!" và ảnh đại diện thay đổi. | I16: Giao diện (Playwright), gián tiếp | L16: Postman: AirBnB_API_Collection › 02_Flow_After_Login Newman không gắn được file ảnh (formFile) nên server trả 400; kết quả lấy từ test giao diện, chưa chạy trực tiếp request này trong Postman.
A17: API_07 | B17: Tìm kiếm phòng có phân trang | C17: Server hoạt động. | D17: 1. Mở Postman. 2. Chọn method GET. 3. Nhập URL: https://airbnbnew.cybersoft.edu.vn/api/phong-thue/phan-trang-tim-kiem 4. Nhập Header tokenCybersoft. 5. Send Request. | E17: URL: https://airbnbnew.cybersoft.edu.vn/api/phong-thue/phan-trang-tim-kiem Query Params: - pageIndex: 1 - pageSize: 10 - keyword: (để trống) Headers: - tokenCybersoft: {{tokenCybersoft}} | F17: 1. Status Code là 200 OK. 2. content.data là danh sách có tối đa 10 phòng. 3. Thời gian phản hồi < 2s. | G17: Pass | H17: 1. Status 200. content.data có tối đa 10 phòng. (270ms) | I17: Newman (Postman collection) | L17: Postman: AirBnB_API_Collection › 02_Flow_After_Login
A18: API_08 | B18: Lấy danh sách phòng theo vị trí | C18: Server hoạt động. | D18: 1. Mở Postman. 2. Chọn method GET. 3. Nhập URL: https://airbnbnew.cybersoft.edu.vn/api/phong-thue/lay-phong-theo-vi-tri 4. Nhập Header tokenCybersoft. 5. Send Request. | E18: URL: https://airbnbnew.cybersoft.edu.vn/api/phong-thue/lay-phong-theo-vi-tri Query Params: - maViTri: 1 Headers: - tokenCybersoft: {{tokenCybersoft}} | F18: 1. Status Code là 200 OK. 2. content là danh sách phòng thuộc vị trí đã chọn. 3. Thời gian phản hồi < 2s. | G18: Pass | H18: 1. Status 200. content là danh sách phòng của vị trí 1. (175ms) | I18: Newman (Postman collection) | L18: Postman: AirBnB_API_Collection › 02_Flow_After_Login
A19: API_09 | B19: Lấy chi tiết phòng theo id | C19: Server hoạt động. | D19: 1. Mở Postman. 2. Chọn method GET. 3. Nhập URL: https://airbnbnew.cybersoft.edu.vn/api/phong-thue/{{room_id}} 4. Nhập Header tokenCybersoft. 5. Send Request. | E19: URL: https://airbnbnew.cybersoft.edu.vn/api/phong-thue/1 Headers: - tokenCybersoft: {{tokenCybersoft}} | F19: 1. Status Code là 200 OK. 2. content.id trùng với id đã yêu cầu. 3. Thời gian phản hồi < 2s. | G19: Pass | H19: 1. Status 200. content.id = 1. (30ms) | I19: Newman (Postman collection) | L19: Postman: AirBnB_API_Collection › 02_Flow_After_Login
A20: API_10 | B20: Lấy danh sách vị trí | C20: Server hoạt động. | D20: 1. Mở Postman. 2. Chọn method GET. 3. Nhập URL: https://airbnbnew.cybersoft.edu.vn/api/vi-tri 4. Nhập Header tokenCybersoft. 5. Send Request. | E20: URL: https://airbnbnew.cybersoft.edu.vn/api/vi-tri Headers: - tokenCybersoft: {{tokenCybersoft}} | F20: 1. Status Code là 200 OK. 2. content là danh sách vị trí, ít nhất 1 phần tử. 3. Thời gian phản hồi < 2s. | G20: Pass | H20: 1. Status 200. content là danh sách vị trí, có phần tử. (193ms) | I20: Newman (Postman collection) | L20: Postman: AirBnB_API_Collection › 02_Flow_After_Login
A21: API_11 | B21: Tạo booking phòng | C21: 1. Server hoạt động. 2. Đã chạy API_01 thành công (có token_airbnb và user_id). | D21: 1. Mở Postman. 2. Chọn method POST. 3. Nhập URL: https://airbnbnew.cybersoft.edu.vn/api/dat-phong 4. Nhập Header tokenCybersoft. 5. Nhập JSON Body. 6. Send Request. | E21: URL: https://airbnbnew.cybersoft.edu.vn/api/dat-phong Headers: - tokenCybersoft: {{tokenCybersoft}} Body: { "id": 0, "maPhong": 1, "ngayDen": "(hôm nay + 30 ngày, ISO)", "ngayDi": "(hôm nay + 37 ngày, ISO)", "soLuongKhach": 2, "maNguoiDung": {{user_id}} } | F21: 1. Status Code là 200/201. 2. Response content trả về thông tin booking vừa tạo. 3. Thời gian phản hồi < 2s. | G21: Pass | H21: 1. Status 201 Created. Có thông tin booking trả về. (172ms) | I21: Newman (Postman collection) | L21: Postman: AirBnB_API_Collection › 02_Flow_After_Login
A22: API_12 | B22: Lấy danh sách booking theo người dùng | C22: 1. Đã chạy API_11 thành công. 2. Server hoạt động. | D22: 1. Mở Postman. 2. Chọn method GET. 3. Nhập URL: https://airbnbnew.cybersoft.edu.vn/api/dat-phong/lay-theo-nguoi-dung/{{user_id}} 4. Nhập Header tokenCybersoft. 5. Send Request. | E22: URL: https://airbnbnew.cybersoft.edu.vn/api/dat-phong/lay-theo-nguoi-dung/{{user_id}} Headers: - tokenCybersoft: {{tokenCybersoft}} | F22: 1. Status Code là 200 OK. 2. Danh sách chứa ít nhất 1 booking (vừa tạo ở API_11). 3. Thời gian phản hồi < 2s. | G22: Pass | H22: 1. Status 200. Danh sách booking có phần tử (sau API_11). (182ms) | I22: Newman (Postman collection) | L22: Postman: AirBnB_API_Collection › 02_Flow_After_Login
... A26: API_16 | B26: Thêm bình luận khi không có token người dùng | C26: 1. Server hoạt động. 2. Đã chạy API_01 thành công (có token_airbnb và user_id). | D26: 1. Mở Postman. 2. Chọn method POST. 3. Nhập URL: https://airbnbnew.cybersoft.edu.vn/api/binh-luan 4. Chỉ nhập Header tokenCybersoft, bỏ header token. 5. Nhập JSON Body hợp lệ. 6. Send Request. | E26: URL: https://airbnbnew.cybersoft.edu.vn/api/binh-luan Headers: - tokenCybersoft: {{tokenCybersoft}} Body: giống API_13 | F26: 1. Status Code là 400/401/403 (hệ thống từ chối khi thiếu token). 2. Nếu trả về 200/201 thì ghi nhận là BUG. 3. Thời gian phản hồi < 2s. | G26: Pass | H26: 1. Status 403. Bình luận không có token bị từ chối. (35ms) | I26: Newman (Postman collection) | L26: Postman: AirBnB_API_Collection › 03_Negative_Security

Sheet Bug Report
A1: BUG REPORT
B3: Project name | C3: AirBnB
B4: Total bugs | C4: =COUNTA(A11:A50)
A10: Bug ID | B10: Title | C10: Related Test Case | D10: Steps to Reproduce | E10: Expected Result | F10: Actual Result | G10: Severity | H10: Status | I10: Reported By | J10: Reported Date | K10: Environment | L10: Attachments
A11: BUG_01 | B11: Đăng ký chấp nhận email sai định dạng "abc@gmail" (thiếu phần tên miền đầy đủ). | C11: TC_04 | D11: 1. Truy cập https://demo5.cybersoft.edu.vn/ 2. Click icon user ở góc phải header 3. Click [Đăng ký] 4. Nhập "abc@gmail" vào ô [Email] 5. Click sang ô khác (nhấn Tab) | E11: Hiển thị message "Vui lòng nhập đúng định dạng email" dưới ô [Email]. | F11: Không hiển thị message lỗi, email được chấp nhận. Các email sai khác (testing06gmail, abc@, @gmail.com, abc@gmail..com) hiển thị lỗi đúng. | G11: Medium | H11: Open | I11: Hứa Vinh Thắng | J11: 46313 | K11: Chromium (Playwright), demo5 | L11: docs/ui-report: test email format message is shown for "abc@gmail"
A12: BUG_02 | B12: Form chỉnh sửa hồ sơ từ chối họ tên có số hoặc dấu "-", dù form đăng ký chấp nhận tên này. | C12: TC_27 | D12: 1. Đăng nhập bằng tài khoản có tên "test16-nhom6" 2. Vào trang Profile (Dashboard) 3. Click icon chỉnh sửa để mở popup cập nhật 4. Đổi số điện thoại, giữ nguyên họ tên 5. Click button [Cập nhật] | E12: Cập nhật thành công, hoặc form đăng ký và form chỉnh sửa dùng cùng quy tắc kiểm tra họ tên. | F12: Hiển thị lỗi "Họ tên không hợp lệ!" ở ô họ tên và không lưu được; người dùng phải đổi họ tên mới cập nhật được các trường khác. | G12: Low | H12: Open | I12: Hứa Vinh Thắng | J12: 46313 | K12: Chromium (Playwright), demo5 | L12: Xem bước tái hiện (lỗi hiển thị ngay trên form)
